SNP,ALF_GWAS,REF_GWAS,SE_GWAS,BETA_GWAS,P_GWAS,CHR_GWAS,POS_GWAS,chr_QTL,pos_QTL,ALT_QTL,REF_QTL,gene_QTL,beta_QTL,t-stat_QTL,p-value_QTL,SE_QTL
rs11072765,G,A,0.000195203,-0.000505936,0.0094999211362259,15,78734292,15,78734292,G,A,CHRNA5,-0.38345614,-4.912472278508954,5.34082357398862e-06,0.07805767
rs11072765,G,A,0.000195203,-0.000505936,0.0094999211362259,15,78734292,15,78734292,G,A,PSMA4,-0.28610584,-4.203799445979636,7.34633469887113e-05,0.0680588699999999
rs1847529,C,A,0.000195176,-0.000507256,0.0094000464574465,15,78735070,15,78735070,C,A,CHRNA5,-0.38345614,-4.912472278508954,5.34082357398862e-06,0.07805767
rs1847529,C,A,0.000195176,-0.000507256,0.0094000464574465,15,78735070,15,78735070,C,A,PSMA4,-0.28610584,-4.203799445979636,7.34633469887113e-05,0.0680588699999999
rs10519198,A,C,0.000195138,-0.000520776,0.0075999371366152,15,78742754,15,78742754,A,C,CHRNA5,-0.38345614,-4.912472278508954,5.34082357398862e-06,0.07805767
rs10519198,A,C,0.000195138,-0.000520776,0.0075999371366152,15,78742754,15,78742754,A,C,PSMA4,-0.28610584,-4.203799445979636,7.34633469887113e-05,0.0680588699999999
rs12909921,G,A,0.00019513,-0.000521526,0.00749997818203,15,78743260,15,78743260,G,A,CHRNA5,-0.38345614,-4.912472278508954,5.34082357398862e-06,0.07805767
rs12909921,G,A,0.00019513,-0.000521526,0.00749997818203,15,78743260,15,78743260,G,A,PSMA4,-0.28610584,-4.203799445979636,7.34633469887113e-05,0.0680588699999999
rs12910090,C,A,0.000195127,-0.000528614,0.0066999259076065,15,78743300,15,78743300,C,A,CHRNA5,-0.38345614,-4.912472278508954,5.34082357398862e-06,0.07805767
rs12910090,C,A,0.000195127,-0.000528614,0.0066999259076065,15,78743300,15,78743300,C,A,PSMA4,-0.28610584,-4.203799445979636,7.34633469887113e-05,0.0680588699999999
rs11639224,G,A,0.000195126,-0.000534712,0.0061000023174011,15,78753371,15,78753371,G,A,CHRNA5,-0.38345614,-4.912472278508954,5.34082357398862e-06,0.07805767
rs11639224,G,A,0.000195126,-0.000534712,0.0061000023174011,15,78753371,15,78753371,G,A,PSMA4,-0.28610584,-4.203799445979636,7.34633469887113e-05,0.0680588699999999
rs9788682,A,G,0.000238733,-0.00127706,8.79994585505891e-08,15,78802586,15,78802586,A,G,HYKK,0.52680784,3.7265671350390073,0.0003800895107422,0.14136545
rs12438181,A,G,0.000234988,-0.00125936,8.40001380879882e-08,15,78812098,15,78812098,A,G,HYKK,0.52680784,3.7265671350390073,0.0003800895107422,0.14136545
rs12441426,C,T,0.000234948,-0.00126074,8.00000023961725e-08,15,78812329,15,78812329,C,T,HYKK,0.52680784,3.7265671350390073,0.0003800895107422,0.14136545
rs7181245,T,C,0.000234792,-0.00126161,7.69998714277137e-08,15,78814389,15,78814389,T,C,HYKK,0.52680784,3.7265671350390073,0.0003800895107422,0.14136545
rs7181447,G,A,0.000234783,-0.00126222,7.59993713661527e-08,15,78814567,15,78814567,G,A,HYKK,0.52680784,3.7265671350390073,0.0003800895107422,0.14136545
rs7163730,G,A,0.000234897,-0.00125274,9.69996126510999e-08,15,78814681,15,78814681,G,A,HYKK,0.52680784,3.7265671350390073,0.0003800895107422,0.14136545
rs61204066,A,G,0.000234908,-0.00125287,9.59997274392481e-08,15,78815298,15,78815298,A,G,HYKK,0.52680784,3.7265671350390073,0.0003800895107422,0.14136545
rs12441354,A,G,0.00023497,-0.00126331,7.59993713661527e-08,15,78821016,15,78821016,A,G,HYKK,0.52616936,3.7971948916599816,0.0003001008959976,0.13856791
rs12438659,A,G,0.000234799,-0.0012756,5.49996593976402e-08,15,78824924,15,78824924,A,G,HYKK,0.52616936,3.7971948916599816,0.0003001008959976,0.13856791
rs12439240,C,T,0.000234541,-0.00125161,9.49992113622595e-08,15,78829091,15,78829091,C,T,HYKK,0.52616936,3.7971948916599816,0.0003001008959976,0.13856791
rs34138960,G,A,0.000234621,-0.00125316,9.20004602515511e-08,15,78831668,15,78831668,G,A,HYKK,0.53641325,3.667629931332778,0.0004620306928815,0.1462561
rs35212593,A,G,0.000234632,-0.00125662,8.50002102591718e-08,15,78831826,15,78831826,A,G,HYKK,0.53641325,3.667629931332778,0.0004620306928815,0.1462561
rs3813570,C,T,0.000234593,-0.00125368,9.09997082601283e-08,15,78832832,15,78832832,C,T,HYKK,0.5356133,3.7394457184339904,0.0003641294370119,0.14323334
rs57064725,A,C,0.000233985,-0.00127015,5.69993627094142e-08,15,78833036,15,78833036,A,C,HYKK,0.5356133,3.7394457184339904,0.0003641294370119,0.14323334
rs59133824,A,C,0.000235733,-0.00124407,1.29998996537546e-07,15,78833450,15,78833450,A,C,HYKK,0.53641325,3.667629931332778,0.0004620306928815,0.1462561
rs59683676,C,T,0.000235729,-0.00124174,1.40000633223953e-07,15,78833453,15,78833453,C,T,HYKK,0.53641325,3.667629931332778,0.0004620306928815,0.1462561
rs4366683,T,C,0.000195302,0.000254862,0.190000174579693,15,78912203,15,78912203,T,C,CHRNA5,-0.27542877,-3.78839485805938,0.0003091097173493,0.07270329
